番号,"都道府県番号
市区町村
商業集積地（商店街）名",都道府県名,区番号,区名,区毎番号,名称,"集積
細分",Lat,Lng,事業所数,従業者数,年間商品販売額,売場面積,売場効率,従業員効率,理論売上との残差,理論売上,小型店事業所数,小型店従業者数,小型店年間商品販売額,小型店売場面積,小型店売場効率,小型店従業員効率,延べ店舗数2,大型店事業所数,大型店従業者数,大型店年間商品販売額,大型店売場面積,大型店売場効率,大型店従業員効率
1,23,愛知県,101,名古屋市千種区,1,仲田本通商店街,13,35.17037,136.9423,22,95,983,804,1,10,643,1626,22,95,983,804,1,10,0,0,0,0,0,0,0
2,23,愛知県,101,名古屋市千種区,2,池下本通商店街,13,35.168803,136.945548,3,16,58,85,1,4,40,98,3,16,58,85,1,4,0,0,0,0,0,0,0
3,23,愛知県,101,名古屋市千種区,3,仲田銀座商店街,13,35.168264,136.941545,7,22,302,489,1,14,123,425,7,22,302,489,1,14,0,0,0,0,0,0,0
4,23,愛知県,101,名古屋市千種区,4,今池東南商店街,12,35.1661289,136.936784,24,317,5312,8674,1,17,-2179,3133,19,103,2360,2012,1,23,1,5,214,2952,6662,0,14
5,23,愛知県,101,名古屋市千種区,5,覚王山商店街,13,35.166503,136.952527,37,159,1457,2072,1,9,286,1743,37,159,1457,2072,1,9,0,0,0,0,0,0,0
6,23,愛知県,101,名古屋市千種区,6,城山商店街,13,35.164509,136.96196,18,139,889,1223,1,6,303,1192,13,65,459,601,1,7,1,5,74,430,622,1,6
7,23,愛知県,101,名古屋市千種区,7,池下商店街,13,35.167786,136.945225,13,34,471,638,1,14,218,689,13,34,471,638,1,14,0,0,0,0,0,0,0
8,23,愛知県,101,名古屋市千種区,8,古井之坂通商店街,13,35.162106,136.931113,14,40,1319,661,2,33,1057,2376,14,40,1319,661,2,33,0,0,0,0,0,0,0
9,23,愛知県,101,名古屋市千種区,9,大久手商店街,13,35.1614032,136.936565,4,10,148,168,1,15,103,251,4,10,148,168,1,15,0,0,0,0,0,0,0
10,23,愛知県,101,名古屋市千種区,10,今池北商店街,12,35.1661289,136.936784,22,138,3868,1656,2,28,2998,6866,22,138,3868,1656,2,28,0,0,0,0,0,0,0
11,23,愛知県,101,名古屋市千種区,11,飯田街道商店街Ａ,13,35.158909,136.935009,3,8,55,79,1,7,38,93,3,8,55,79,1,7,0,0,0,0,0,0,0
12,23,愛知県,101,名古屋市千種区,12,今池西南商店街,12,35.1681051,136.935612,26,228,2638,2834,1,12,896,3534,18,170,1717,1229,1,10,3,8,58,921,1605,1,16
13,23,愛知県,101,名古屋市千種区,13,星ケ丘商店街,13,35.1610573,136.985473,58,814,31499,29214,1,39,-3274,28225,23,253,8565,2980,3,34,1,35,561,22934,26234,1,41
14,23,愛知県,101,名古屋市千種区,17,四谷通商店街,13,35.160057,136.96466,18,88,960,2321,0,11,-386,574,14,74,847,1584,1,11,2,4,14,113,737,0,8
15,23,愛知県,101,名古屋市千種区,18,千代ケ丘宮根商店街Ｂ,13,35.18304,136.979186,3,9,64,203,0,7,10,74,3,9,64,203,0,7,0,0,0,0,0,0,0
16,23,愛知県,101,名古屋市千種区,20,キャットロード本山商店街,13,35.1661148,136.963391,19,86,968,1405,1,11,268,1236,19,86,968,1405,1,11,0,0,0,0,0,0,0
17,23,愛知県,101,名古屋市千種区,21,アピタ千代田橋店,13,35.1868009,136.969237,32,587,12089,18232,1,21,-6742,5347,0,0,0,0,0,0,1,32,587,12089,18232,1,21
18,23,愛知県,101,名古屋市千種区,22,イオン千種ショッピングセンター,13,35.1614542,136.923743,39,548,10006,12721,1,18,-2008,7998,0,0,0,0,0,0,1,39,548,10006,12721,1,18
19,23,愛知県,102,名古屋市東区,3,矢田本通商店街,11,35.1939463,136.941267,8,46,386,304,1,8,296,682,8,46,386,304,1,8,0,0,0,0,0,0,0
20,23,愛知県,102,名古屋市東区,4,筒井町商店街,13,35.1688469,136.90315,12,49,577,1159,0,12,77,654,12,49,577,1159,0,12,0,0,0,0,0,0,0
21,23,愛知県,102,名古屋市東区,8,東筒井通商店街,13,35.1767479,136.927363,8,29,209,446,0,7,56,265,8,29,209,446,0,7,0,0,0,0,0,0,0
22,23,愛知県,102,名古屋市東区,10,車道本通７丁目商店街,13,35.173264,136.929443,10,94,1830,1827,1,19,863,2693,10,94,1830,1827,1,19,0,0,0,0,0,0,0
23,23,愛知県,102,名古屋市東区,13,オアシス２１,11,35.1709007,136.909673,9,104,835,1126,1,8,345,1180,9,104,835,1126,1,8,0,0,0,0,0,0,0
24,23,愛知県,102,名古屋市東区,14,車道町商店街,13,35.178448,136.930949,12,52,398,490,1,8,224,622,12,52,398,490,1,8,0,0,0,0,0,0,0
25,23,愛知県,102,名古屋市東区,15,広小路車道東商店街,11,35.169765,136.92963,3,29,295,275,1,10,212,507,3,29,295,275,1,10,0,0,0,0,0,0,0
26,23,愛知県,102,名古屋市東区,16,広小路車道西商店街,11,35.169285,136.928077,4,123,427,202,2,3,372,799,4,123,427,202,2,3,0,0,0,0,0,0,0
27,23,愛知県,102,名古屋市東区,17,代官町商店街,12,35.1777864,136.923335,19,109,1955,1377,1,18,1297,3252,19,109,1955,1377,1,18,0,0,0,0,0,0,0
28,23,愛知県,103,名古屋市北区,3,大曽根商店街（ＯＺモール）,13,35.19051,136.93237,22,352,2755,1389,2,8,2097,4852,22,352,2755,1389,2,8,0,0,0,0,0,0,0
29,23,愛知県,103,名古屋市北区,4,大曽根本通商店街（オゾンアベニュー）,11,35.19051,136.93237,11,78,2564,637,4,33,2325,4889,11,78,2564,637,4,33,0,0,0,0,0,0,0
30,23,愛知県,103,名古屋市北区,5,上飯田通商店街,11,35.1904155,136.908617,9,151,2426,1606,2,16,1670,4096,9,151,2426,1606,2,16,0,0,0,0,0,0,0
31,23,愛知県,103,名古屋市北区,6,鈴蘭通商店街,13,35.190527,136.929043,5,9,60,266,0,7,-16,44,5,9,60,266,0,7,0,0,0,0,0,0,0
32,23,愛知県,103,名古屋市北区,7,城東町通商店街,13,35.1942222,136.92124,6,47,340,80,4,7,324,664,6,47,340,80,4,7,0,0,0,0,0,0,0
33,23,愛知県,103,名古屋市北区,9,柳原通商店街,13,35.1904155,136.908617,21,80,825,1387,1,10,200,1025,21,80,825,1387,1,10,0,0,0,0,0,0,0
34,23,愛知県,103,名古屋市北区,12,味鋺天神通商店街,13,35.222774,136.936221,14,126,548,777,1,4,284,832,14,126,548,777,1,4,0,0,0,0,0,0,0
35,23,愛知県,103,名古屋市北区,13,味鋺商業集積地区,13,35.222774,136.936221,6,11,64,307,0,6,-15,49,6,11,64,307,0,6,0,0,0,0,0,0,0
36,23,愛知県,103,名古屋市北区,14,如意本通商店街,13,35.235513,136.921617,7,46,126,252,1,3,69,195,7,46,126,252,1,3,0,0,0,0,0,0,0
37,23,愛知県,103,名古屋市北区,15,蒲喜商店街,13,35.234265,136.907766,16,112,1593,2189,1,14,657,2250,16,112,1593,2189,1,14,0,0,0,0,0,0,0
38,23,愛知県,103,名古屋市北区,19,黒川商業集積地区,13,35.197296,136.909363,25,100,938,1682,1,9,144,1082,25,100,938,1682,1,9,0,0,0,0,0,0,0
39,23,愛知県,103,名古屋市北区,21,ダイエー上飯田店商業集積地区,13,35.200898,136.92939,13,320,5707,10558,1,18,-3180,2527,0,0,0,0,0,0,1,13,320,5707,10558,1,18
40,23,愛知県,103,名古屋市北区,22,アピタ名古屋北商業集積地区,13,35.209166,136.923154,16,351,6520,13994,0,19,-5749,771,0,0,0,0,0,0,1,16,351,6520,13994,0,19
41,23,愛知県,104,名古屋市西区,2,円頓寺商店街,13,35.1761937,136.891815,6,24,160,292,1,7,79,239,6,24,160,292,1,7,0,0,0,0,0,0,0
42,23,愛知県,104,名古屋市西区,3,江川端通商店街,13,35.185953,136.886547,7,51,434,245,2,9,371,805,7,51,434,245,2,9,0,0,0,0,0,0,0
43,23,愛知県,104,名古屋市西区,4,弁天通商店街,13,35.1904155,136.908617,27,101,835,1174,1,8,332,1167,27,101,835,1174,1,8,0,0,0,0,0,0,0
44,23,愛知県,104,名古屋市西区,5,西円頓寺商店街,13,35.1766076,136.884627,7,15,87,367,0,6,-20,67,7,15,87,367,0,6,0,0,0,0,0,0,0
45,23,愛知県,104,名古屋市西区,6,押切町商店街,13,35.1688469,136.90315,7,27,185,628,0,7,-40,145,7,27,185,628,0,7,0,0,0,0,0,0,0
46,23,愛知県,104,名古屋市西区,16,mozo ワンダーシティ,14,35.2248766,136.882976,127,1731,38308,49545,1,22,-14771,23537,4,55,273,98,3,5,1,123,1676,38035,49447,1,23
47,23,愛知県,104,名古屋市西区,18,イオンタウン名西,13,35.2043093,136.89283,30,402,4248,8696,0,11,-2052,2196,0,0,0,0,0,0,1,30,402,4248,8696,0,11
48,23,愛知県,105,名古屋市中村区,2,中村赤鳥居商業集積地域,12,35.168507,136.852417,19,169,3436,2782,1,20,2063,5499,19,169,3436,2782,1,20,0,0,0,0,0,0,0
49,23,愛知県,105,名古屋市中村区,4,新大門商店街,12,35.169762,136.866745,50,410,6647,9735,1,16,-717,5930,40,184,1802,2683,1,10,1,10,226,4845,7052,1,21
50,23,愛知県,105,名古屋市中村区,6,名古屋駅西銀座通商店街,12,35.1700672,136.875201,11,33,240,438,1,7,107,347,11,33,240,438,1,7,0,0,0,0,0,0,0
51,23,愛知県,105,名古屋市中村区,8,名鉄バスターミナルビル,11,35.1685518,136.884196,29,653,54551,56691,1,84,-20822,33729,0,0,0,0,0,0,1,29,653,54551,56691,1,84
52,23,愛知県,105,名古屋市中村区,13,西柳錦商店街,12,35.170963,136.889252,25,109,2899,1092,3,27,2451,5350,19,85,1850,878,2,22,1,6,24,1049,214,5,44
53,23,愛知県,105,名古屋市中村区,15,広小路西通一丁目商店街,12,35.167845,136.890764,5,32,2201,216,10,69,2146,4347,5,32,2201,216,10,69,0,0,0,0,0,0,0
54,23,愛知県,105,名古屋市中村区,16,メイチカ,11,35.1709469,136.884173,11,104,1433,635,2,14,1214,2647,11,104,1433,635,2,14,0,0,0,0,0,0,0
55,23,愛知県,105,名古屋市中村区,17,ユニモール,11,35.1716246,136.886312,43,183,4188,3049,1,23,2499,6687,43,183,4188,3049,1,23,0,0,0,0,0,0,0
56,23,愛知県,105,名古屋市中村区,18,テルミナ地下街,11,35.170714,136.883597,16,133,2610,873,3,20,2279,4889,16,133,2610,873,3,20,0,0,0,0,0,0,0
57,23,愛知県,105,名古屋市中村区,19,広小路名駅商店街,12,35.167962,136.888628,4,20,1087,555,2,54,901,1988,4,20,1087,555,2,54,0,0,0,0,0,0,0
58,23,愛知県,105,名古屋市中村区,22,椿町商業集積地区,11,35.168995,136.87854,48,484,28689,19538,1,59,9997,38686,43,339,8822,5455,2,26,1,5,145,19867,14083,1,137
59,23,愛知県,105,名古屋市中村区,23,新幹線地下街エスカ,11,35.1702156,136.880362,30,172,7132,2096,3,41,6105,13237,30,172,7132,2096,3,41,0,0,0,0,0,0,0
60,23,愛知県,105,名古屋市中村区,24,笈瀬本通商店街,12,35.167017,136.878331,11,48,401,439,1,8,266,667,11,48,401,439,1,8,0,0,0,0,0,0,0
61,23,愛知県,105,名古屋市中村区,25,名駅前桜通商店街,11,35.170915,136.881537,12,136,2391,3124,1,18,664,3055,12,136,2391,3124,1,18,0,0,0,0,0,0,0
62,23,愛知県,105,名古屋市中村区,27,名駅一丁目商業集積地区,11,35.1731023,136.882395,206,2798,83263,39101,2,30,37160,120423,64,839,24300,5680,4,29,2,142,1959,58963,33421,2,30
63,23,愛知県,105,名古屋市中村区,28,ミヤコ地下街,11,35.1685709,136.886072,7,25,482,473,1,19,332,814,7,25,482,473,1,19,0,0,0,0,0,0,0
64,23,愛知県,105,名古屋市中村区,29,名古屋地下街サンロード（地下街）,11,35.1689837,136.885099,24,166,2452,1569,2,15,1740,4192,24,166,2452,1569,2,15,0,0,0,0,0,0,0
65,23,愛知県,105,名古屋市中村区,30,新名フード地下街,11,35.16844,136.88556,6,31,318,355,1,10,215,533,6,31,318,355,1,10,0,0,0,0,0,0,0
66,23,愛知県,105,名古屋市中村区,31,ミッドランドスクエア,11,35.1700946,136.885194,17,175,4985,2663,2,28,3570,8555,0,0,0,0,0,0,1,17,175,4985,2663,2,28
67,23,愛知県,105,名古屋市中村区,32,牛田通商業集積地域,13,35.1547235,136.864453,15,68,2342,753,3,34,2073,4415,15,68,2342,753,3,34,0,0,0,0,0,0,0
68,23,愛知県,106,名古屋市中区,1,栄町商店街,12,35.169392,136.90509,16,116,2227,2367,1,19,957,3184,8,56,944,1114,1,17,2,8,60,1283,1253,1,21
69,23,愛知県,106,名古屋市中区,2,南大津通商店街,12,35.165049,136.906968,207,2855,270186,144520,2,95,992,271178,34,393,68173,5929,11,173,5,173,2462,202013,138591,1,82
70,23,愛知県,106,名古屋市中区,4,広小路中央商店街,12,35.1699442,136.898317,26,125,2487,1875,1,20,1564,4051,9,81,1677,1260,1,21,2,17,44,810,615,1,18
71,23,愛知県,106,名古屋市中区,5,東新商店街,12,35.1691079,136.913361,40,315,6955,3538,2,22,4756,11711,27,264,6026,2770,2,23,2,13,51,929,768,1,18
72,23,愛知県,106,名古屋市中区,6,金山橋連合商店街,11,35.1452957,136.905618,17,247,4694,2093,2,19,3585,8279,8,95,2206,1057,2,23,2,9,152,2488,1036,2,16
73,23,愛知県,106,名古屋市中区,7,広小路通車道商店街,12,35.169285,136.928077,5,32,227,439,1,7,75,302,5,32,227,439,1,7,0,0,0,0,0,0,0
74,23,愛知県,106,名古屋市中区,8,桶屋町商店街,12,35.169762,136.89798,9,37,643,1173,1,17,142,785,9,37,643,1173,1,17,0,0,0,0,0,0,0
75,23,愛知県,106,名古屋市中区,9,白川商業集積地区,12,35.166451,136.899371,7,171,982,651,2,6,747,1729,7,171,982,651,2,6,0,0,0,0,0,0,0
76,23,愛知県,106,名古屋市中区,11,御園通商店街,12,35.1688469,136.90315,10,27,223,744,0,8,-58,165,10,27,223,744,0,8,0,0,0,0,0,0,0
77,23,愛知県,106,名古屋市中区,12,栄三丁目商業集積地区,12,35.162525,136.903091,37,393,8936,7303,1,23,3414,12350,37,393,8936,7303,1,23,0,0,0,0,0,0,0
78,23,愛知県,106,名古屋市中区,13,サン大津商店街,12,35.164482,136.906464,20,192,3335,3087,1,17,1522,4857,20,192,3335,3087,1,17,0,0,0,0,0,0,0
79,23,愛知県,106,名古屋市中区,15,万松寺通商店街,12,35.159191,136.902782,56,320,6998,4627,2,22,3933,10931,56,320,6998,4627,2,22,0,0,0,0,0,0,0
80,23,愛知県,106,名古屋市中区,16,大須新天地通商店街,12,35.159588,136.904721,9,37,980,639,2,26,745,1725,9,37,980,639,2,26,0,0,0,0,0,0,0
81,23,愛知県,106,名古屋市中区,17,大須仁王門通商店街,12,35.158444,136.902046,24,86,596,1520,0,7,-125,471,24,86,596,1520,0,7,0,0,0,0,0,0,0
82,23,愛知県,106,名古屋市中区,18,大須門前町商店街,12,35.1589928,136.903381,12,54,1280,1135,1,24,786,2066,12,54,1280,1135,1,24,0,0,0,0,0,0,0
83,23,愛知県,106,名古屋市中区,21,名古屋大須東仁王門通商店街,12,35.158441,136.902046,24,64,560,1396,0,9,-85,475,24,64,560,1396,0,9,0,0,0,0,0,0,0
84,23,愛知県,106,名古屋市中区,23,大須赤門通商店街,12,35.1603392,136.902572,57,265,5522,9629,1,21,-2407,3115,39,188,2449,5767,0,13,4,18,77,3073,3862,1,40
85,23,愛知県,106,名古屋市中区,24,門前町南部商店街,12,35.1566134,136.901191,13,85,1393,6102,0,16,-2999,-1606,13,85,1393,6102,0,16,0,0,0,0,0,0,0
86,23,愛知県,106,名古屋市中区,26,南大津通６丁目商店街,12,35.1585634,136.906068,8,65,1615,2483,1,25,238,1853,4,25,557,735,1,22,1,4,40,1058,1748,1,26
87,23,愛知県,106,名古屋市中区,28,菊里町商店街,12,35.159508,136.984975,4,17,261,186,1,15,212,473,4,17,261,186,1,15,0,0,0,0,0,0,0
88,23,愛知県,106,名古屋市中区,30,栄地下街,11,35.170002,136.9087,41,220,2601,2223,1,12,1419,4020,41,220,2601,2223,1,12,0,0,0,0,0,0,0
89,23,愛知県,106,名古屋市中区,31,サカエチカ,11,35.1688866,136.907159,34,247,3698,2314,2,15,2457,6155,34,247,3698,2314,2,15,0,0,0,0,0,0,0
90,23,愛知県,106,名古屋市中区,32,セントラルパーク地下街,11,35.1718548,136.90834,36,175,2693,3274,1,15,743,3436,36,175,2693,3274,1,15,0,0,0,0,0,0,0
91,23,愛知県,106,名古屋市中区,33,栄町ビル,11,35.1691806,136.904884,11,28,220,569,0,8,21,241,0,0,0,0,0,0,1,11,28,220,569,0,8
92,23,愛知県,106,名古屋市中区,34,中日ビル,11,35.1685233,136.909629,37,160,2175,2545,1,14,759,2934,0,0,0,0,0,0,1,37,160,2175,2545,1,14
93,23,愛知県,106,名古屋市中区,35,ラジオセンターアメ横ビル,12,35.159738,136.905357,9,84,3331,1461,2,40,2643,5974,0,0,0,0,0,0,1,9,84,3331,1461,2,40
94,23,愛知県,106,名古屋市中区,36,錦三丁目商業集積地区,12,35.170692,136.904099,29,397,15710,2202,7,40,14559,30269,29,397,15710,2202,7,40,0,0,0,0,0,0,0
95,23,愛知県,106,名古屋市中区,37,栄四丁目商業集積地区,12,35.1673455,136.904268,26,144,2086,2127,1,14,980,3066,26,144,2086,2127,1,14,0,0,0,0,0,0,0
96,23,愛知県,106,名古屋市中区,38,新栄一丁目商業集積地区,12,35.1638186,136.917036,7,115,1265,445,3,11,1114,2379,7,115,1265,445,3,11,0,0,0,0,0,0,0
97,23,愛知県,106,名古屋市中区,44,大須北新天地通商店街,12,35.159588,136.904721,8,45,2020,527,4,45,1837,3857,8,45,2020,527,4,45,0,0,0,0,0,0,0
98,23,愛知県,106,名古屋市中区,46,東陽町通り商業集積地区,13,35.163819,136.917036,7,20,285,489,1,14,114,399,7,20,285,489,1,14,0,0,0,0,0,0,0
99,23,愛知県,106,名古屋市中区,47,パルコ,11,35.163629,136.907351,159,914,23437,14197,2,26,10213,33650,9,49,677,650,1,14,1,150,865,22760,13547,2,26
100,23,愛知県,106,名古屋市中区,48,アネックスビル,11,35.15501,136.914265,9,153,3262,5991,1,21,-1170,2092,0,0,0,0,0,0,1,9,153,3262,5991,1,21
101,23,愛知県,106,名古屋市中区,51,栄ビル,12,35.1678426,136.906283,83,780,33778,48716,1,43,-31332,2446,15,81,1501,285,5,19,2,68,699,32277,48431,1,46
102,23,愛知県,106,名古屋市中区,52,新栄商店街,12,35.170189,136.917984,10,94,907,1192,1,10,365,1272,10,94,907,1192,1,10,0,0,0,0,0,0,0
103,23,愛知県,107,名古屋市昭和区,7,滝子商店街,13,35.1434845,136.925423,17,37,330,719,0,9,41,371,17,37,330,719,0,9,0,0,0,0,0,0,0
104,23,愛知県,107,名古屋市昭和区,8,曙通商業集積地,13,35.155143,136.932883,15,38,224,983,0,6,-217,7,15,38,224,983,0,6,0,0,0,0,0,0,0
105,23,愛知県,107,名古屋市昭和区,10,川名商業集積地,13,35.154352,136.943659,8,20,177,376,0,9,49,226,8,20,177,376,0,9,0,0,0,0,0,0,0
106,23,愛知県,107,名古屋市昭和区,12,八事商店街Ａ,12,35.1368482,136.964133,46,472,10632,14143,1,23,-3459,7173,20,102,2493,827,3,24,1,26,370,8139,13316,1,22
107,23,愛知県,107,名古屋市昭和区,13,石川橋商店街Ａ,13,35.1387344,136.944918,20,82,1227,1097,1,15,716,1943,20,82,1227,1097,1,15,0,0,0,0,0,0,0
108,23,愛知県,107,名古屋市昭和区,17,山花・前山商業集積地,13,35.153027,136.954581,11,39,1117,652,2,29,855,1972,11,39,1117,652,2,29,0,0,0,0,0,0,0
109,23,愛知県,108,名古屋市瑞穂区,2,柳ケ枝町商店街,12,35.121405,136.923887,5,10,16,233,0,2,-50,-34,5,10,16,233,0,2,0,0,0,0,0,0,0
110,23,愛知県,108,名古屋市瑞穂区,4,雁道商店街,12,35.1341758,136.920873,15,54,542,805,1,10,212,754,15,54,542,805,1,10,0,0,0,0,0,0,0
111,23,愛知県,108,名古屋市瑞穂区,5,瑞穂通商店街,12,35.135659,136.934183,34,135,1600,2338,1,12,244,1844,26,107,1376,1901,1,13,1,8,28,224,437,1,8
112,23,愛知県,108,名古屋市瑞穂区,6,牛巻商業集積地区,12,35.128643,136.919373,4,20,188,269,1,9,109,297,4,20,188,269,1,9,0,0,0,0,0,0,0
113,23,愛知県,108,名古屋市瑞穂区,7,賑町商業集積地区,12,35.169201,136.865448,29,67,347,1029,0,5,-49,298,10,20,135,325,0,7,1,19,47,212,704,0,5
114,23,愛知県,108,名古屋市瑞穂区,9,西部牛巻商店街,12,35.125847,136.918732,3,16,479,1097,0,30,-9,470,3,16,479,1097,0,30,0,0,0,0,0,0,0
115,23,愛知県,108,名古屋市瑞穂区,12,新瑞西商業集積地区,12,35.117775,136.935831,9,53,842,526,2,16,650,1492,9,53,842,526,2,16,0,0,0,0,0,0,0
116,23,愛知県,108,名古屋市瑞穂区,13,堀田商業集積地区,12,35.130215,136.919961,9,62,2669,548,5,43,2470,5139,9,62,2669,548,5,43,0,0,0,0,0,0,0
117,23,愛知県,108,名古屋市瑞穂区,15,瑞穂通３・４丁目商業集積地区,13,35.1370732,136.93403,19,70,1137,1566,1,16,331,1468,19,70,1137,1566,1,16,0,0,0,0,0,0,0
118,23,愛知県,108,名古屋市瑞穂区,18,八勝通１・２丁目商業集積地区,13,35.128437,136.953487,12,73,1108,866,1,15,734,1842,12,73,1108,866,1,15,0,0,0,0,0,0,0
119,23,愛知県,108,名古屋市瑞穂区,19,弥富通４・５丁目商業集積地区,13,35.1188536,136.951973,26,117,2365,1183,2,20,1809,4174,26,117,2365,1183,2,20,0,0,0,0,0,0,0
120,23,愛知県,109,名古屋市熱田区,1,熱田神宮前商店街,11,35.1280657,136.910143,13,29,116,424,0,4,-23,93,13,29,116,424,0,4,0,0,0,0,0,0,0
121,23,愛知県,109,名古屋市熱田区,3,金山商店街,11,35.141895,136.900604,20,895,6921,1656,4,8,6112,13033,20,895,6921,1656,4,8,0,0,0,0,0,0,0
122,23,愛知県,109,名古屋市熱田区,5,六番町商店街,13,35.1688469,136.90315,13,91,1424,1617,1,16,653,2077,13,91,1424,1617,1,16,0,0,0,0,0,0,0
123,23,愛知県,109,名古屋市熱田区,7,三本松商業集積地,11,35.127193,136.913471,7,26,187,322,1,7,89,276,7,26,187,322,1,7,0,0,0,0,0,0,0
124,23,愛知県,109,名古屋市熱田区,9,パレマルシェ神宮,11,35.1257268,136.911706,26,149,4894,8699,1,33,-2175,2719,0,0,0,0,0,0,1,26,149,4894,8699,1,33
125,23,愛知県,109,名古屋市熱田区,10,日比野商店街,13,35.157424,136.893225,8,83,759,739,1,9,482,1241,8,83,759,739,1,9,0,0,0,0,0,0,0
126,23,愛知県,110,名古屋市中川区,1,常磐商店街,13,35.149688,136.86245,11,36,257,733,0,7,-2,255,11,36,257,733,0,7,0,0,0,0,0,0,0
127,23,愛知県,110,名古屋市中川区,2,尾頭橋商店街,13,35.1688469,136.90315,22,133,1605,1180,1,12,1093,2698,22,133,1605,1180,1,12,0,0,0,0,0,0,0
128,23,愛知県,110,名古屋市中川区,3,西日置商店街,13,35.1570157,136.889878,14,33,231,618,0,7,13,244,14,33,231,618,0,7,0,0,0,0,0,0,0
129,23,愛知県,110,名古屋市中川区,4,五女子商店街,13,35.144779,136.881836,16,41,202,1113,0,5,-262,-60,16,41,202,1113,0,5,0,0,0,0,0,0,0
130,23,愛知県,110,名古屋市中川区,5,下之一色商店街,13,35.1230911,136.833092,14,28,163,550,0,6,6,169,14,28,163,550,0,6,0,0,0,0,0,0,0
131,23,愛知県,110,名古屋市中川区,8,一柳通商店街,13,35.1450771,136.845611,17,67,1200,2203,1,18,173,1373,17,67,1200,2203,1,18,0,0,0,0,0,0,0
132,23,愛知県,110,名古屋市中川区,9,尾頭橋西部商店街,13,35.1438395,136.88977,12,45,421,600,1,9,209,630,12,45,421,600,1,9,0,0,0,0,0,0,0
133,23,愛知県,110,名古屋市中川区,10,八田商店街,13,35.147276,136.853124,5,9,55,234,0,6,-2,53,5,9,55,234,0,6,0,0,0,0,0,0,0
134,23,愛知県,110,名古屋市中川区,13,福住町商店街,13,35.158093,136.881991,8,15,147,339,0,10,49,196,8,15,147,339,0,10,0,0,0,0,0,0,0
135,23,愛知県,110,名古屋市中川区,15,中野本通商業集積地,13,35.126675,136.872182,9,86,578,427,1,7,449,1027,9,86,578,427,1,7,0,0,0,0,0,0,0
136,23,愛知県,110,名古屋市中川区,16,ボナンザプラザヨシヅヤ中川店,13,35.1350122,136.868092,17,68,938,1510,1,14,268,1206,0,0,0,0,0,0,1,17,68,938,1510,1,14
137,23,愛知県,110,名古屋市中川区,17,アズタウン,13,35.155958,136.806538,38,520,12814,20282,1,25,-1270,11544,7,69,1200,2109,1,17,4,31,451,11614,18173,1,26
138,23,愛知県,111,名古屋市港区,1,浜一丁目・浜二丁目商業集積地区,12,35.096819,136.882429,4,10,19,185,0,2,-22,-3,4,10,19,185,0,2,0,0,0,0,0,0,0
139,23,愛知県,111,名古屋市港区,2,土古商店街,13,35.1119807,136.861187,17,76,530,925,1,7,196,726,17,76,530,925,1,7,0,0,0,0,0,0,0
140,23,愛知県,111,名古屋市港区,3,港新世界商店街,12,35.100477,136.887588,3,9,18,58,0,2,9,27,3,9,18,58,0,2,0,0,0,0,0,0,0
141,23,愛知県,111,名古屋市港区,4,東海通商店街,12,35.1175198,136.937575,5,54,490,260,2,9,413,903,5,54,490,260,2,9,0,0,0,0,0,0,0
142,23,愛知県,111,名古屋市港区,5,名港通商店街,12,35.101148,136.883945,6,24,939,256,4,39,876,1815,6,24,939,256,4,39,0,0,0,0,0,0,0
143,23,愛知県,111,名古屋市港区,6,築地口商店街,12,35.10012,136.883258,19,73,723,711,1,10,485,1208,19,73,723,711,1,10,0,0,0,0,0,0,0
144,23,愛知県,111,名古屋市港区,8,錦町商店街,13,35.086655,136.860971,6,36,650,321,2,18,575,1225,6,36,650,321,2,18,0,0,0,0,0,0,0
145,23,愛知県,111,名古屋市港区,9,稲永四丁目・稲永五丁目商業集積地区,13,35.0901738,136.861284,11,72,362,782,0,5,118,480,11,72,362,782,0,5,0,0,0,0,0,0,0
146,23,愛知県,111,名古屋市港区,11,南陽商店街,13,35.112209,136.823013,10,80,2663,949,3,33,2372,5035,10,80,2663,949,3,33,0,0,0,0,0,0,0
147,23,愛知県,111,名古屋市港区,14,名港一丁目・名港二丁目商業集積地区,12,35.096974,136.883717,4,19,396,222,2,21,344,740,4,19,396,222,2,21,0,0,0,0,0,0,0
148,23,愛知県,111,名古屋市港区,15,ポートウォークみなと,13,35.1094395,136.847685,9,33,912,764,1,28,664,1576,0,0,0,0,0,0,1,9,33,912,764,1,28
149,23,愛知県,111,名古屋市港区,16,イオン南陽店,14,35.116422,136.816502,9,229,4930,13377,0,22,-3830,1100,0,0,0,0,0,0,1,9,229,4930,13377,0,22
150,23,愛知県,112,名古屋市南区,1,大磯通商店街,13,35.101036,136.929245,21,113,1499,2398,1,13,189,1688,21,113,1499,2398,1,13,0,0,0,0,0,0,0
151,23,愛知県,112,名古屋市南区,2,加福商業集積地区,11,35.093815,136.90596,13,52,693,1097,1,13,261,954,13,52,693,1097,1,13,0,0,0,0,0,0,0
152,23,愛知県,112,名古屋市南区,4,道徳通商店街,13,35.1015205,136.908334,24,66,610,1454,0,9,-42,568,24,66,610,1454,0,9,0,0,0,0,0,0,0
153,23,愛知県,112,名古屋市南区,6,道徳銀座商店街,11,35.105666,136.909525,14,47,430,916,0,9,66,496,14,47,430,916,0,9,0,0,0,0,0,0,0
154,23,愛知県,112,名古屋市南区,8,笠寺観音商店街,11,35.0994993,136.936709,16,120,641,1636,0,5,-162,479,16,120,641,1636,0,5,0,0,0,0,0,0,0
155,23,愛知県,112,名古屋市南区,9,柴田商店街,12,35.0739933,136.910126,31,136,1217,2816,0,9,-143,1074,31,136,1217,2816,0,9,0,0,0,0,0,0,0
156,23,愛知県,112,名古屋市南区,13,道徳中央通商業集積地区,13,35.101755,136.910181,9,49,399,473,1,8,247,646,9,49,399,473,1,8,0,0,0,0,0,0,0
157,23,愛知県,112,名古屋市南区,15,呼続商店街,11,35.099994,136.934026,10,28,279,446,1,10,131,410,10,28,279,446,1,10,0,0,0,0,0,0,0
158,23,愛知県,112,名古屋市南区,17,内田橋商業集積地区,12,35.1156522,136.906942,5,13,484,132,4,37,454,938,5,13,484,132,4,37,0,0,0,0,0,0,0
159,23,愛知県,112,名古屋市南区,18,新郊通商業地区,13,35.110474,136.937561,15,66,1313,1282,1,20,708,2021,15,66,1313,1282,1,20,0,0,0,0,0,0,0
160,23,愛知県,112,名古屋市南区,22,豊田本町商店街,12,35.113814,136.907667,5,19,309,416,1,16,176,485,5,19,309,416,1,16,0,0,0,0,0,0,0
161,23,愛知県,112,名古屋市南区,25,新瑞ビル,12,35.1177319,136.933866,7,47,122,819,0,3,-219,-97,0,0,0,0,0,0,1,7,47,122,819,0,3
162,23,愛知県,113,名古屋市守山区,1,四軒家商業集積地,14,35.191975,137.015442,17,148,2955,4323,1,20,535,3490,12,88,2266,1726,1,26,4,5,60,689,2597,0,11
163,23,愛知県,113,名古屋市守山区,2,大森瀬戸街道沿い商業集積地,13,35.2061436,136.999991,16,111,2360,1882,1,21,1520,3880,16,111,2360,1882,1,21,0,0,0,0,0,0,0
164,23,愛知県,113,名古屋市守山区,4,小幡商業集積地,11,35.205231,136.980377,17,159,2230,3928,1,14,-110,2120,13,73,1007,2689,0,14,1,4,86,1223,1239,1,14
165,23,愛知県,113,名古屋市守山区,5,守山商業集積地,13,35.197472,136.956384,16,125,3207,1351,2,26,2588,5795,16,125,3207,1351,2,26,0,0,0,0,0,0,0
166,23,愛知県,113,名古屋市守山区,7,瓢箪山商業集積地,13,35.197159,136.964985,15,78,838,675,1,11,587,1425,15,78,838,675,1,11,0,0,0,0,0,0,0
167,23,愛知県,113,名古屋市守山区,12,大森千代田街道沿い商業集積地,14,35.208035,137.001511,13,99,2597,3319,1,26,874,3471,13,99,2597,3319,1,26,0,0,0,0,0,0,0
168,23,愛知県,113,名古屋市守山区,13,アピタ新守山店,14,35.2049838,136.948852,15,366,6438,18279,0,18,-11208,-4770,0,0,0,0,0,0,1,15,366,6438,18279,0,18
169,23,愛知県,113,名古屋市守山区,15,森孝・四軒家西商業集積地,14,35.193632,137.014729,16,115,2109,3075,1,18,559,2668,16,115,2109,3075,1,18,0,0,0,0,0,0,0
170,23,愛知県,113,名古屋市守山区,16,苗代千代田街道沿い商業集積地,14,35.196841,136.978258,11,97,5277,718,7,54,5008,10285,11,97,5277,718,7,54,0,0,0,0,0,0,0
171,23,愛知県,114,名古屋市緑区,1,鳴海駅周辺商業集積地,11,35.078624,136.950836,16,59,523,1680,0,9,-253,270,16,59,523,1680,0,9,0,0,0,0,0,0,0
172,23,愛知県,114,名古屋市緑区,3,有松駅周辺商業集積地,11,35.0674732,136.971537,21,71,840,2522,0,12,-402,438,21,71,840,2522,0,12,0,0,0,0,0,0,0
173,23,愛知県,114,名古屋市緑区,4,鳴子台商店街,13,35.097702,136.967911,17,96,1093,2144,1,11,-46,1047,17,96,1093,2144,1,11,0,0,0,0,0,0,0
174,23,愛知県,114,名古屋市緑区,6,鹿山通り商店街,13,35.0898625,136.964453,8,85,1435,2152,1,17,311,1746,5,19,463,602,1,24,1,3,66,972,1550,1,15
175,23,愛知県,114,名古屋市緑区,8,六田商業集積地,13,35.07811,136.959717,4,42,915,1176,1,22,425,1340,4,42,915,1176,1,22,0,0,0,0,0,0,0
176,23,愛知県,114,名古屋市緑区,9,アピタ緑店,13,35.0900337,137.003005,20,361,6223,11874,1,17,-2764,3459,0,0,0,0,0,0,1,20,361,6223,11874,1,17
177,23,愛知県,114,名古屋市緑区,11,なるぱーく,14,35.0845221,136.946637,20,377,6816,10102,1,18,-1357,5459,0,0,0,0,0,0,1,20,377,6816,10102,1,18
178,23,愛知県,114,名古屋市緑区,13,ヒルズウォーク徳重,13,35.094327,136.999283,51,529,8536,11001,1,16,2,8538,0,0,0,0,0,0,1,51,529,8536,11001,1,16
179,23,愛知県,114,名古屋市緑区,14,イオンタウン有松,13,35.0681824,136.971982,12,281,4572,12374,0,16,-5278,-706,0,0,0,0,0,0,1,12,281,4572,12374,0,16
180,23,愛知県,115,名古屋市名東区,1,西山商店街,13,35.155877,136.994316,4,54,175,87,2,3,157,332,4,54,175,87,2,3,0,0,0,0,0,0,0
181,23,愛知県,115,名古屋市名東区,2,藤が丘中央商店街,12,35.1830689,137.022412,54,473,6840,6268,1,14,3035,9875,46,432,6479,5663,1,15,3,8,41,361,605,1,9
182,23,愛知県,115,名古屋市名東区,4,名東西山商店街,13,35.158086,136.992516,13,87,3146,326,10,36,3046,6192,13,87,3146,326,10,36,0,0,0,0,0,0,0
183,23,愛知県,115,名古屋市名東区,5,平和ヶ丘商店街,13,35.173206,136.98584,10,46,1424,1319,1,31,809,2233,10,46,1424,1319,1,31,0,0,0,0,0,0,0
184,23,愛知県,115,名古屋市名東区,6,千代ヶ丘宮根商店街Ａ,13,35.180677,136.9853,6,46,662,449,1,14,511,1173,6,46,662,449,1,14,0,0,0,0,0,0,0
185,23,愛知県,115,名古屋市名東区,12,大針極楽商店街,13,35.153255,137.019424,10,48,819,1754,0,17,70,889,10,48,819,1754,0,17,0,0,0,0,0,0,0
186,23,愛知県,115,名古屋市名東区,17,藤里町・藤香町商業集積地区,13,35.189557,137.018239,5,21,186,458,0,9,57,243,5,21,186,458,0,9,0,0,0,0,0,0,0
187,23,愛知県,115,名古屋市名東区,19,よもぎ台・若葉台商業集積地区,13,35.178928,136.991257,16,194,3389,2032,2,17,2324,5713,16,194,3389,2032,2,17,0,0,0,0,0,0,0
188,23,愛知県,115,名古屋市名東区,20,猪子石商店街,13,35.1688469,136.90315,4,9,129,1060,0,14,-316,-187,4,9,129,1060,0,14,0,0,0,0,0,0,0
189,23,愛知県,115,名古屋市名東区,21,名東社台社口商店街,13,35.1738059,137.001029,5,80,621,557,1,8,427,1048,5,80,621,557,1,8,0,0,0,0,0,0,0
190,23,愛知県,115,名古屋市名東区,22,香流・香南商業集積地区,13,35.18811,136.999786,29,207,4231,6016,1,20,74,4305,26,122,2627,2725,1,22,1,3,85,1604,3291,0,19
191,23,愛知県,116,名古屋市天白区,3,平針駅前商店街,11,35.122544,137.008085,44,564,9560,9181,1,17,2752,12312,34,331,5282,3854,1,16,2,10,233,4278,5327,1,18
192,23,愛知県,116,名古屋市天白区,4,原南商店街,13,35.1218046,136.994181,22,133,2013,3875,1,15,-441,1572,22,133,2013,3875,1,15,0,0,0,0,0,0,0
193,23,愛知県,116,名古屋市天白区,6,シマダ商店街,13,35.1202958,136.972613,26,161,2098,2342,1,13,772,2870,26,161,2098,2342,1,13,0,0,0,0,0,0,0